"id","kitchen","desk","bed","elevator","tivi","mattress","cooling_type","pet","parking_space","toilet","time","gatelock","room_area","bancony","fridge","washer","hotwater","air_conditioner","kitchent_sink","window","drying_yard","wardrobe","floor","skylight","attic","created_at","updated_at"
"000885d2-c765-422a-8164-b12a9cf9ee52",True,False,False,False,False,False,"Phòng thường",False,"Chung","Riêng","Tự do","Vân tay","18m2",False,False,False,False,True,True,True,"Riêng",False,"Lầu 1",False,True,"2026-05-20 09:38:28.98654+00","2026-05-20 09:38:28.98654+00"
"02c41284-9ad4-41bc-b14e-7b5b7d274236",True,False,False,True,False,True,"Phòng thường",True,"Chung","Riêng","Tự do","Khóa thường","20m2",False,True,NULL,True,True,True,True,"Chung",True,"Lầu 2",False,True,"2026-05-20 09:38:28.98654+00","2026-05-20 09:38:28.98654+00"
"054d5d43-9c78-4406-bdaf-0ddf1f137afa",True,False,False,True,False,True,"Phòng thường",True,"Chung","Riêng","Tự do","Khóa thường","20m2",False,True,NULL,True,True,True,True,"Chung",True,"Tầng lửng",False,True,"2026-05-20 09:38:28.98654+00","2026-05-20 09:38:28.98654+00"
"087b10ed-4f1d-4eb5-996d-ef23d5a33288",True,False,False,True,False,True,"Phòng thường",True,"Chung","Riêng","Tự do","Khóa thường","20m2",False,True,NULL,True,True,True,True,"Chung",True,"Lầu 1",False,True,"2026-05-20 09:38:28.98654+00","2026-05-20 09:38:28.98654+00"
"08e6e149-15b5-4c7e-b84e-e2dd24f1bbd2",True,False,False,False,False,False,"Phòng thường",NULL,"Chung","Riêng","Tự do","Khóa thường","20m2",False,True,False,False,True,True,True,"Chung",True,"Lầu 1",False,True,"2026-05-20 09:38:28.98654+00","2026-05-20 09:38:28.98654+00"
"0ba7b7d9-5a6a-4971-8b40-f497c414f909",True,False,True,False,False,True,"Phòng Studio",False,"Chung","Riêng","Tự do","Vân tay","16m2",True,True,NULL,False,True,True,True,"Chung",True,"Lầu 2",False,False,"2026-05-20 09:38:28.98654+00","2026-05-20 09:38:28.98654+00"
"0d295b66-51a2-4d03-82e1-92abe659c608",True,False,False,True,False,False,"Phòng thường",True,"Chung","Riêng","Tự do","Khóa thường","20m2",False,False,False,False,False,True,True,"Chung",True,"Lầu 3",False,True,"2026-05-20 09:38:28.98654+00","2026-05-20 09:38:28.98654+00"
"0e8d0515-5925-48c1-a81d-e83a36c386b2",True,False,False,True,False,False,"Phòng thường",False,"Chung","Riêng","Tự do","Khóa thường","20m2",False,False,NULL,False,True,True,True,"Chung",True,"Lầu 3",False,True,"2026-05-20 09:38:28.98654+00","2026-05-20 09:38:28.98654+00"
"0f102183-95c1-4250-820b-64d7391fcb9f",True,False,False,True,False,True,"Phòng thường",True,"Chung","Riêng","Tự do","Khóa thường","20m2",False,True,NULL,True,True,True,True,"Chung",True,"Lầu 1",False,True,"2026-05-20 09:38:28.98654+00","2026-05-20 09:38:28.98654+00"
"0fb244e6-4c3f-4d02-abb1-5fbca346d26d",True,False,False,True,False,False,"Phòng thường",False,"Chung","Riêng","Tự do","Khóa thường","20m2",False,False,NULL,False,True,True,True,"Chung",True,"Lầu 3",False,True,"2026-05-20 09:38:28.98654+00","2026-05-20 09:38:28.98654+00"
"0fd43ae6-ebac-4c4f-841d-9342b37c31e9",True,False,False,False,False,False,"Phòng thường",False,"Chung","Riêng","Tự do","Khóa thường","20m2",False,False,NULL,False,True,False,False,"Chung",True,"Lầu 2",False,True,"2026-05-20 09:38:28.98654+00","2026-05-20 09:38:28.98654+00"
"10e059f3-fe30-4fa1-ac47-b695b5b0b3a1",False,False,False,False,False,False,"Phòng thường",False,"Chung","Riêng","Tự do","Khóa thường","18m2",False,False,False,False,True,True,True,"Chung",False,"Trệt",False,True,"2026-05-20 09:38:28.98654+00","2026-05-20 09:38:28.98654+00"
"11182ecf-4968-47a7-a0bd-43929e46d285",True,False,True,False,False,True,"Phòng thường",True,"Chung","Riêng","Tự do","Vân tay","24m2",False,False,NULL,False,False,True,True,"Chung",True,"Lầu 1",False,False,"2026-05-20 09:38:28.98654+00","2026-05-20 09:38:28.98654+00"
"11f44033-e6aa-48f0-98a5-eed35ee70f4a",True,False,True,True,False,False,"Phòng thường",False,"Chung","Riêng","Tự do","Thẻ từ","20m2",False,False,NULL,True,True,True,False,"Riêng",False,"Trệt",False,False,"2026-05-20 09:38:28.98654+00","2026-05-20 09:38:28.98654+00"
"13872014-1fb9-48fd-8643-c254b6bb8818",True,False,False,True,False,False,"Phòng thường",False,"Chung","Riêng","Tự do","Khóa thường","20m2",False,False,NULL,False,True,True,True,"Chung",True,"Lầu 4",False,True,"2026-05-20 09:38:28.98654+00","2026-05-20 09:38:28.98654+00"
"13aaec3a-f696-4e08-8421-26bef48316ac",True,False,False,True,False,True,"Phòng thường",False,"Chung","Riêng","Tự do","Vân tay","20m2",False,True,NULL,True,True,True,True,"Chung",True,"Lầu 2",False,True,"2026-05-20 09:38:28.98654+00","2026-05-20 09:38:28.98654+00"
"13b5e960-739f-4478-bba6-08432c3c6930",True,False,False,True,False,False,"Phòng thường",False,"Chung","Riêng","Tự do","Khóa thường","20m2",False,False,NULL,False,True,True,True,"Chung",True,"Lầu 1",False,False,"2026-05-20 09:38:28.98654+00","2026-05-20 09:38:28.98654+00"
"14c67686-ce09-420b-87b6-adf0c050d82e",True,False,False,True,False,False,"Duplex",False,"Chung","Riêng","Tự do","Vân tay","25m2",True,False,NULL,True,True,True,True,"Chung",True,"Lầu 1",False,True,"2026-05-20 09:38:28.98654+00","2026-05-20 09:38:28.98654+00"
"16cdad58-a01c-4210-bad0-5c65b2a3b0a7",True,False,False,False,False,False,"Phòng thường",NULL,"Chung","Riêng","Tự do","Khóa thường","20m2",False,True,False,False,True,True,True,"Chung",True,"Trệt",False,True,"2026-05-20 09:38:28.98654+00","2026-05-20 09:38:28.98654+00"
"16d2d03f-fe67-472a-9177-f129ce28bb02",True,False,False,False,False,False,"Phòng thường",False,"Chung","Riêng","Tự do","Vân tay","20m2",False,False,NULL,True,True,True,True,"Chung",True,"Trệt",False,True,"2026-05-20 09:38:28.98654+00","2026-05-20 09:38:28.98654+00"
"176a98ca-4157-43e7-b22a-e42e49e75469",True,False,False,True,False,True,"Duplex",True,"Chung","Riêng","Tự do","Vân tay","25m",False,False,NULL,False,True,True,False,"Chung",False,"Lầu 4",False,True,"2026-05-20 09:38:28.98654+00","2026-05-20 09:38:28.98654+00"
"17ec71c1-756b-4f64-b191-709ef9440984",True,False,False,True,False,True,"Phòng thường",True,"Chung","Riêng","Tự do","Khóa thường","20m2",False,True,NULL,True,True,True,True,"Chung",True,"Lầu 3",False,True,"2026-05-20 09:38:28.98654+00","2026-05-20 09:38:28.98654+00"
"186ca0f9-5ebd-4adf-9d56-a40e217d2708",True,False,True,False,False,False,"Phòng thường",True,"Chung","Riêng","Tự do","Khóa thường","20m2",True,True,NULL,True,True,True,True,"Chung",True,"Lầu 1",False,False,"2026-05-20 09:38:28.98654+00","2026-05-20 09:38:28.98654+00"
"19b9311a-a28b-4632-b061-60740d716e98",True,False,False,False,False,False,"Phòng thường",True,"Chung","Riêng","Tự do","Vân tay","25m2",False,False,False,False,True,True,True,"Chung",False,"Lầu 2",False,True,"2026-05-20 09:38:28.98654+00","2026-05-20 09:38:28.98654+00"
"1a26cfae-c2a9-45a6-87ef-8cedf635f5d9",True,False,True,False,False,False,"Phòng thường",True,"Chung","Riêng","Tự do","","25m2",True,True,NULL,True,True,True,True,"Chung",True,"Trệt",False,False,"2026-05-20 09:38:28.98654+00","2026-05-20 09:38:28.98654+00"
"1e23f394-b3db-453e-accf-33f1c9eec2df",True,False,False,False,False,False,"Sleepbox",False,"Bãi ngoài","Chung","Tự do","Khóa thường","1,3mx2m",False,False,NULL,False,True,True,True,"Chung",False,"Lầu 1",False,False,"2026-05-20 09:38:28.98654+00","2026-05-20 09:38:28.98654+00"
"1ea370bc-c717-4b11-83ce-b6f99b8cde3c",True,False,False,True,False,False,"Phòng thường",False,"Chung","Riêng","Tự do","Vân tay","22m2",False,False,NULL,False,False,True,False,"Chung",False,"Lầu 4",False,True,"2026-05-20 09:38:28.98654+00","2026-05-20 09:38:28.98654+00"
"209e9558-6330-4c2b-84db-77dff2b29dda",True,False,True,False,False,True,"Phòng thường",NULL,"Chung","Riêng","Tự do","Khóa thường","20m2",False,False,False,False,True,False,True,"Chung",True,"Trệt",False,False,"2026-05-20 09:38:28.98654+00","2026-05-20 09:38:28.98654+00"
"214f3278-ba59-46c9-a914-37a7030dba2d",True,False,False,True,False,True,"Duplex",True,"Chung","Riêng","Tự do","Vân tay","25M2",False,True,NULL,True,True,True,False,"Chung",True,"Lầu 4",False,True,"2026-05-20 09:38:28.98654+00","2026-05-20 09:38:28.98654+00"
"2152281d-7ac9-46bc-ac11-d25055c3e512",True,False,False,True,False,False,"Phòng thường",True,"Chung","Riêng","Tự do","Khóa thường","20m2",False,False,False,False,True,True,True,"Chung",False,"Lầu 4",False,True,"2026-05-20 09:38:28.98654+00","2026-05-20 09:38:28.98654+00"
"22a17e37-359f-4f82-8898-2addb14f858c",True,False,True,True,False,True,"Phòng thường",False,"Chung","Riêng","Tự do","Vân tay","20m2",True,True,NULL,False,True,True,True,"Chung",True,"Lầu 2",False,False,"2026-05-20 09:38:28.98654+00","2026-05-20 09:38:28.98654+00"
"231a8ca8-e127-4425-9859-d86c5a3dc3d3",True,False,False,False,False,False,"Phòng thường",False,"Chung","Riêng","Tự do","Khóa thường","12m2",False,False,False,False,False,False,False,"Riêng",False,"Lầu 1",False,True,"2026-05-20 09:38:28.98654+00","2026-05-20 09:38:28.98654+00"
"28ed91f0-e5a2-4268-ade6-c0c0bd052c00",True,False,False,False,False,False,"Phòng thường",False,"Chung","Riêng","Tự do","Khóa thường","18m2",False,False,False,False,False,True,True,"Chung",False,"Lầu 4",False,True,"2026-05-20 09:38:28.98654+00","2026-05-20 09:38:28.98654+00"
"29d338cc-cb06-4f6e-b491-7447c0b6bd54",True,False,False,False,False,False,"Phòng không ML",False,"Chung","Riêng","Tự do","Khóa thường","10m2",False,False,False,False,False,False,False,"Riêng",False,"Lầu 2",False,True,"2026-05-20 09:38:28.98654+00","2026-05-20 09:38:28.98654+00"
"2b0b1262-0e57-4138-98b8-37c34e92c070",True,False,False,True,False,True,"Phòng thường",False,"Chung","Riêng","Tự do","Vân tay","20m2",False,True,NULL,True,True,True,True,"Chung",True,"Lầu 3",False,True,"2026-05-20 09:38:28.98654+00","2026-05-20 09:38:28.98654+00"
"2d59a940-d563-463d-8d6e-28c27c156e25",True,False,False,False,False,False,"Phòng thường",False,"Chung","Riêng","Tự do","Khóa thường","18m2",False,False,False,False,False,False,True,"Chung",False,"Lầu 2",False,True,"2026-05-20 09:38:28.98654+00","2026-05-20 09:38:28.98654+00"
"2e3bf1d0-3300-4d0f-aefa-f2c8bb9b5bc3",True,False,True,True,False,True,"Phòng thường",False,"Chung","Riêng","Tự do","Vân tay","20",False,True,NULL,True,True,True,True,"Chung",True,"Lầu 3",False,False,"2026-05-20 09:38:28.98654+00","2026-05-20 09:38:28.98654+00"
"2efed717-03c7-495e-bf43-307d4cb8a405",True,False,False,True,False,False,"Phòng thường",False,"Chung","Riêng","Tự do","Vân tay","20m2",False,False,False,False,False,True,True,"Chung",False,"Lầu 2",False,True,"2026-05-20 09:38:28.98654+00","2026-05-20 09:38:28.98654+00"
"301424da-844e-4ee7-afb9-d266907ca0d8",True,False,False,False,False,False,"Phòng thường",False,"Chung","Riêng","Tự do","Khóa thường","20m2",False,False,NULL,False,False,True,True,"Chung",False,"Trệt",False,True,"2026-05-20 09:38:28.98654+00","2026-05-20 09:38:28.98654+00"
"30d45991-e70d-4946-9573-78f767f482a9",True,False,True,True,False,True,"Phòng thường",True,"Chung","Riêng","Tự do","Khóa thường","20m2",True,False,False,False,True,True,True,"Chung",True,"Lầu 2",False,True,"2026-05-20 09:38:28.98654+00","2026-05-20 09:38:28.98654+00"
"310eb919-0fea-4687-9ac1-7993d075803f",True,False,False,True,False,False,"Phòng thường",False,"Trong phòng","Riêng","Tự do","Khóa thường","",False,True,False,False,True,True,False,"Chung",False,"Lầu ",False,True,"2026-05-20 09:38:28.98654+00","2026-05-20 09:38:28.98654+00"
"33bb2701-2176-4eb1-ac81-99978e1af5e5",True,False,False,False,False,False,"Phòng thường",False,"Chung","Riêng","Tự do","Vân tay","20m2",False,True,NULL,False,True,True,True,"Chung",True,"Lầu 2",False,True,"2026-05-20 09:38:28.98654+00","2026-05-20 09:38:28.98654+00"
"38cb1eef-4b66-4c8e-b6f3-5e38a04eb518",True,False,True,False,False,True,"Phòng thường",False,"Chung","Riêng","Tự do","Vân tay","20m2",False,True,NULL,False,True,True,True,"Chung",True,"Lầu 2",False,False,"2026-05-20 09:38:28.98654+00","2026-05-20 09:38:28.98654+00"
"39bf6b8b-06d0-4e92-a765-7fb4b32d7207",True,False,False,True,False,False,"Phòng thường",False,"Chung","Riêng","Tự do","Khóa thường","20m2",False,False,NULL,False,True,True,True,"Chung",True,"Lầu 5",False,True,"2026-05-20 09:38:28.98654+00","2026-05-20 09:38:28.98654+00"
"3cc6f7b7-516a-47a6-a458-71824f31322b",True,False,True,False,False,False,"Phòng thường",True,"Chung","Riêng","Tự do","Khóa thường","20m2",True,True,NULL,True,True,True,True,"Chung",True,"Lầu 1",False,False,"2026-05-20 09:38:28.98654+00","2026-05-20 09:38:28.98654+00"
"3e540991-b889-4ec1-908e-0b9af7b1ef05",True,False,False,True,False,True,"Duplex",NULL,"Chung","Riêng","Tự do","Vân tay","25M2",False,True,NULL,True,True,True,False,"Chung",True,"Lầu 4",False,True,"2026-05-20 09:38:28.98654+00","2026-05-20 09:38:28.98654+00"
"3f3eea83-df2a-4a38-8f0e-2221c70177d9",True,False,False,False,False,False,"Phòng thường",False,"Chung","Riêng","Tự do","Khóa thường","12m2",False,False,False,False,False,False,False,"Riêng",False,"Lầu 3",False,True,"2026-05-20 09:38:28.98654+00","2026-05-20 09:38:28.98654+00"
"40524e67-b7a5-48f8-a34e-7c3b6cf3c021",True,False,False,True,False,False,"Phòng thường",False,"Chung","Riêng","Tự do","Vân tay","20m2",False,False,NULL,False,True,True,True,"Chung",False,"Lầu 1",False,True,"2026-05-20 09:38:28.98654+00","2026-05-20 09:38:28.98654+00"
"436b8540-c4c9-40f4-9f53-8c154cf7ab35",True,False,False,False,False,False,"Phòng thường",NULL,"Chung","Riêng","Tự do","Khóa thường","20m2",False,True,False,False,True,True,True,"Chung",True,"Lầu 1",False,True,"2026-05-20 09:38:28.98654+00","2026-05-20 09:38:28.98654+00"
"45661c5a-ed12-4e8e-88be-d8c617a1835b",True,False,False,False,False,False,"Duplex",False,"Chung","Riêng","Tự do","Vân tay","20m2",False,False,NULL,True,True,True,True,"Chung",True,"Lầu 2",False,True,"2026-05-20 09:38:28.98654+00","2026-05-20 09:38:28.98654+00"
"467d26a3-7da8-4987-ae16-2a4885b39405",True,False,True,False,False,True,"Phòng Studio",False,"Chung","Riêng","Tự do","Vân tay","16m2",False,True,NULL,False,True,True,False,"Chung",True,"Trệt",False,False,"2026-05-20 09:38:28.98654+00","2026-05-20 09:38:28.98654+00"
"46ac5746-c3e4-48ac-8111-9200c23b3141",True,False,True,False,False,True,"1 Phòng ngủ",False,"Chung","Riêng","Tự do","Khóa thường","30m2",False,True,NULL,True,True,True,True,"Chung",True,"Trệt",False,True,"2026-05-20 09:38:28.98654+00","2026-05-20 09:38:28.98654+00"
"470699c2-733d-4e9f-a41f-06f19b908c66",True,False,False,True,False,False,"Phòng thường",False,"Chung","Riêng","Tự do","Vân tay","20m2",False,False,NULL,False,False,True,True,"Chung",False,"Lầu 1",False,True,"2026-05-20 09:38:28.98654+00","2026-05-20 09:38:28.98654+00"
"48922aee-ec95-4a01-986e-633df983d7c1",True,False,False,True,False,False,"Phòng thường",False,"Chung","Riêng","Tự do","Vân tay","20m2",False,False,NULL,False,False,True,True,"Chung",False,"Lầu 1",False,True,"2026-05-20 09:38:28.98654+00","2026-05-20 09:38:28.98654+00"
"494999b4-f75e-46de-874a-580cdb696f7a",True,False,False,True,False,False,"Phòng thường",False,"Chung","Riêng","Tự do","Vân tay","25m2",False,False,False,False,True,True,False,"Chung",False,"Lầu 2",False,True,"2026-05-20 09:38:28.98654+00","2026-05-20 09:38:28.98654+00"
"49cf0e6a-2b12-4e6b-b669-7e1b0dc3ae5c",True,False,False,True,False,False,"Phòng thường",False,"Chung","Riêng","Tự do","Khóa thường","20m2",False,False,NULL,False,True,True,True,"Chung",True,"Lầu 5",False,True,"2026-05-20 09:38:28.98654+00","2026-05-20 09:38:28.98654+00"
"49ff738c-047a-469d-82bf-b54996fe66cd",True,False,False,True,False,True,"Phòng thường",True,"Chung","Riêng","Tự do","Khóa thường","20m2",False,True,NULL,True,True,True,True,"Chung",True,"Lầu 2",False,True,"2026-05-20 09:38:28.98654+00","2026-05-20 09:38:28.98654+00"
"4cd5d1b7-9e13-417e-ad63-3cd3b8824835",True,False,False,False,False,False,"Phòng thường",False,"Chung","Riêng","Tự do","Vân tay","18m2",False,False,False,False,True,True,True,"Chung",False,"Trệt",False,True,"2026-05-20 09:38:28.98654+00","2026-05-20 09:38:28.98654+00"
"4d34f4bf-788b-44d7-84c5-62decf69a49a",True,False,True,True,False,True,"Phòng thường",False,"Chung","Riêng","Tự do","Vân tay","20",True,True,NULL,True,True,True,True,"Chung",True,"Lầu 3",False,False,"2026-05-20 09:38:28.98654+00","2026-05-20 09:38:28.98654+00"
"4d4f8fe5-0894-4830-a281-fdb46cedd5bd",True,False,True,False,False,False,"Phòng thường",True,"Chung","Riêng","Tự do","","25m2",True,True,NULL,True,True,True,True,"Chung",True,"Trệt",False,False,"2026-05-20 09:38:28.98654+00","2026-05-20 09:38:28.98654+00"
"4dc2f7e8-a26c-4ba6-a24f-b472c95a6e66",True,False,False,True,False,True,"Phòng thường",True,"Chung","Riêng","Tự do","Khóa thường","20m2",False,True,NULL,True,True,True,True,"Chung",True,"Lầu 1",False,True,"2026-05-20 09:38:28.98654+00","2026-05-20 09:38:28.98654+00"
"52ab4cc3-5482-4c07-a76b-a551c0dbbd3e",True,False,True,False,False,True,"Phòng thường",False,"Chung","Riêng","Tự do","Khóa thường","20m2",False,True,NULL,True,True,True,True,"Chung",True,"Lầu 1",False,False,"2026-05-20 09:38:28.98654+00","2026-05-20 09:38:28.98654+00"
"546a3413-1750-4122-95d7-a9136008d9a6",True,False,False,False,False,False,"Phòng thường",False,"Chung","Chung","Tự do","Vân tay","25m2",False,False,False,False,False,True,False,"Chung",False,"Lầu 4",False,True,"2026-05-20 09:38:28.98654+00","2026-05-20 09:38:28.98654+00"
"54aa1c00-ca38-41b2-8591-aaff7256aac8",True,False,False,True,False,True,"Phòng thường",True,"Chung","Riêng","Tự do","Khóa thường","20m2",False,True,NULL,True,True,True,True,"Chung",True,"Lầu 1",False,True,"2026-05-20 09:38:28.98654+00","2026-05-20 09:38:28.98654+00"
"55d29374-b356-4b88-8f81-2dc665e12862",True,False,False,False,False,False,"Sleepbox",False,"Bãi ngoài","Chung","Tự do","Khóa thường","1,3mx2m",False,False,NULL,False,True,True,True,"Chung",False,"Lầu 1",False,False,"2026-05-20 09:38:28.98654+00","2026-05-20 09:38:28.98654+00"
"56c2a39d-5e6b-408a-954a-db09a20d5374",True,False,False,False,False,False,"Phòng thường",False,"Chung","Riêng","Tự do","Khóa thường","20",False,False,NULL,False,False,True,True,"Riêng",False,"Lầu 2",False,True,"2026-05-20 09:38:28.98654+00","2026-05-20 09:38:28.98654+00"
"578ff8eb-4ec0-44f9-b76f-1f68e6598400",True,False,False,False,False,False,"Phòng thường",False,"Chung","Riêng","Tự do","Vân tay","20m2",False,True,NULL,False,True,True,True,"Chung",True,"Lầu 2",False,True,"2026-05-20 09:38:28.98654+00","2026-05-20 09:38:28.98654+00"
"58a0be02-4702-4ac2-bfbe-a5e8480f1028",True,False,False,True,False,False,"Phòng thường",False,"Chung","Riêng","Tự do","Khóa thường","20m2",False,False,NULL,False,True,True,True,"Chung",True,"Lầu 4",False,True,"2026-05-20 09:38:28.98654+00","2026-05-20 09:38:28.98654+00"
"58bac7f0-e72c-47fb-912f-8c2a4ba42dbb",True,False,False,False,False,True,"Duplex",False,"Chung","Riêng","Tự do","Khóa thường","20m2",False,False,False,False,True,False,True,"Chung",True,"Trệt",False,True,"2026-05-20 09:38:28.98654+00","2026-05-20 09:38:28.98654+00"
"593c09f5-b022-483d-a95c-ff0f9df060d0",True,False,False,True,False,False,"Phòng thường",False,"Chung","Riêng","Tự do","Khóa thường","20m2",False,False,NULL,False,True,True,True,"Chung",True,"Lầu 4",False,True,"2026-05-20 09:38:28.98654+00","2026-05-20 09:38:28.98654+00"
"5d4eca07-2e46-49cb-8733-87a3fdd94bb1",True,False,False,True,False,False,"Phòng thường",False,"Chung","Riêng","Tự do","Vân tay","20m2",False,False,NULL,False,False,True,True,"Chung",False,"Lầu 1",False,True,"2026-05-20 09:38:28.98654+00","2026-05-20 09:38:28.98654+00"
"5d5f6c0a-d3c4-43c6-ac4a-6186f7b49aac",True,False,False,False,False,False,"Giường Nữ",False,"Bãi ngoài","Chung","Tự do","Khóa thường","1,3mx2m",False,False,NULL,False,True,True,True,"Chung",False,"Lầu 2",False,False,"2026-05-20 09:38:28.98654+00","2026-05-20 09:38:28.98654+00"
"5d7da85b-667f-43ea-8a69-837cb8301886",True,False,False,False,False,False,"Phòng thường",False,"Chung","Riêng","Tự do","Khóa thường","20m2",False,False,NULL,False,False,True,True,"Chung",False,"Lầu 2",False,True,"2026-05-20 09:38:28.98654+00","2026-05-20 09:38:28.98654+00"
"5e227fd3-a78d-4bf3-aca7-24dde5e50077",True,False,False,True,False,False,"Phòng thường",False,"Chung","Riêng","Tự do","Khóa thường","20m2",False,False,NULL,False,True,True,True,"Chung",True,"Lầu 4",False,True,"2026-05-20 09:38:28.98654+00","2026-05-20 09:38:28.98654+00"
"5e5b33f6-0dad-4d98-b454-51225f969c7c",True,False,True,False,False,False,"Phòng Studio",False,"Chung","Riêng","Tự do","Khóa thường","20m2",False,False,NULL,False,True,True,True,"Chung",True,"Trệt",True,True,"2026-05-20 09:38:28.98654+00","2026-05-20 09:38:28.98654+00"
"62cabee3-a198-4659-94cb-f1387d887be4",True,False,False,False,False,False,"Phòng thường",False,"Chung","Riêng","Tự do","Khóa thường","20m2",False,False,NULL,True,False,True,True,"Chung",False,"Lầu 2",False,False,"2026-05-20 09:38:28.98654+00","2026-05-20 09:38:28.98654+00"
"63d9bbb9-5d6c-4858-ba46-aae8cc5ed134",True,False,False,False,False,True,"Phòng thường",False,"Chung","Riêng","Tự do","Vân tay","20m2",False,False,False,False,True,True,True,"Chung",True,"Trệt",False,True,"2026-05-20 09:38:28.98654+00","2026-05-20 09:38:28.98654+00"
"647341cd-b623-42ee-a72c-9ca92f6102b9",True,False,False,True,False,False,"Phòng thường",False,"Chung","Riêng","Tự do","Vân tay","22m2",False,False,NULL,False,False,True,False,"Chung",False,"Lầu 1",False,True,"2026-05-20 09:38:28.98654+00","2026-05-20 09:38:28.98654+00"
"6847595f-56c6-4fd7-a04b-66a9d7185882",True,False,False,True,False,False,"Phòng thường",False,"Chung","Riêng","Tự do","Khóa thường","20m2",False,False,NULL,False,True,True,True,"Chung",True,"Lầu 3",False,True,"2026-05-20 09:38:28.98654+00","2026-05-20 09:38:28.98654+00"
"6945de2e-7e15-4afa-8245-4efa87f3eedd",True,False,False,False,False,False,"Duplex",False,"Chung","Riêng","Tự do","Khóa thường","20m2",False,False,NULL,False,True,True,True,"Chung",True,"Lầu 1",False,True,"2026-05-20 09:38:28.98654+00","2026-05-20 09:38:28.98654+00"
"6ad30377-5bfb-4b3d-90b5-d33e03e5d8ba",True,False,False,False,False,False,"Phòng thường",False,"Chung","Riêng","Tự do","Khóa thường","18m2",False,False,False,False,False,False,True,"Chung",False,"Lầu 2",False,True,"2026-05-20 09:38:28.98654+00","2026-05-20 09:38:28.98654+00"
"6b0bf521-42ca-4ad4-96ed-c0aeb8b09f7e",True,False,False,True,False,True,"Phòng thường",True,"Chung","Riêng","Tự do","Khóa thường","20m2",False,True,NULL,True,True,True,True,"Chung",True,"Lầu 1",False,True,"2026-05-20 09:38:28.98654+00","2026-05-20 09:38:28.98654+00"
"6f7ba2c6-6486-47cc-afc2-8c13a66f1ce3",True,False,False,False,False,False,"Phòng thường",False,"Chung","Riêng","Tự do","Khóa thường","20m2",False,False,NULL,False,False,True,True,"Chung",False,"Trệt",False,True,"2026-05-20 09:38:28.98654+00","2026-05-20 09:38:28.98654+00"
"6fca1cca-6e71-47eb-90eb-639fe3caec9e",True,False,True,False,False,True,"Phòng thường",NULL,"Chung","Riêng","Tự do","Khóa thường","20m2",False,False,False,False,True,False,True,"Chung",True,"Trệt",False,False,"2026-05-20 09:38:28.98654+00","2026-05-20 09:38:28.98654+00"
"70621a09-ea14-43ff-8a8f-dcce72f8763d",True,False,True,False,False,True,"Phòng thường",True,"Chung","Riêng","Tự do","Vân tay","24m2",False,False,NULL,False,False,True,True,"Chung",True,"Lầu 3",False,False,"2026-05-20 09:38:28.98654+00","2026-05-20 09:38:28.98654+00"
"71148b64-34b3-4234-900a-30be5551c4a4",True,False,False,False,False,False,"Phòng thường",False,"Chung","Chung","Tự do","Vân tay","18m2",False,False,False,False,True,True,True,"Riêng",False,"Trệt",False,True,"2026-05-20 09:38:28.98654+00","2026-05-20 09:38:28.98654+00"
"72f11dbe-9326-4bd1-9fe0-075bf1d90016",True,False,True,True,False,True,"Phòng thường",False,"Chung","Riêng","Tự do","Khóa thường","20m2",True,False,False,False,True,True,True,"Chung",True,"Trệt",False,False,"2026-05-20 09:38:28.98654+00","2026-05-20 09:38:28.98654+00"
"755b62b2-f621-4ad1-957c-527cc08fc9a4",True,True,True,False,True,True,"Phòng ML",NULL,"Chung","Riêng","Tự do","Vân tay","50m2",False,True,NULL,True,NULL,True,True,"Chung",True,"Lầu 2",NULL,False,"2026-05-20 09:38:28.98654+00","2026-05-20 09:38:28.98654+00"
"757eef50-ff01-4c61-982b-016e648d0fd9",True,False,False,False,False,False,"Phòng thường",False,"Chung","Riêng","Tự do","Khóa thường","20m2",False,False,NULL,False,False,True,True,"Chung",False,"Lầu 2",False,True,"2026-05-20 09:38:28.98654+00","2026-05-20 09:38:28.98654+00"
"7a574010-f90f-4198-9ac3-e66136919115",True,False,True,False,False,True,"Phòng thường",True,"Chung","Riêng","Tự do","Vân tay","24m2",True,False,NULL,False,False,True,True,"Chung",True,"Lầu 3",False,False,"2026-05-20 09:38:28.98654+00","2026-05-20 09:38:28.98654+00"
"7aa32b8c-d8f3-4788-a4cb-aeec08d111eb",True,False,False,False,False,False,"Phòng thường",False,"Chung","Riêng","Tự do","Khóa thường","20m2",False,False,NULL,False,False,True,True,"Chung",False,"Lầu 3",False,True,"2026-05-20 09:38:28.98654+00","2026-05-20 09:38:28.98654+00"
"7abffad1-6224-425c-b663-683c657c1439",True,False,False,True,False,False,"Phòng thường",False,"Chung","Riêng","Tự do","Khóa thường","20m2",True,False,NULL,True,True,True,True,"Chung",True,"Lầu 4",True,False,"2026-05-20 09:38:28.98654+00","2026-05-20 09:38:28.98654+00"
"7b8e6b5e-1a74-4c9c-b669-4aadb651d394",True,False,True,True,False,True,"Phòng thường",False,"Chung","Riêng","Tự do","Vân tay","20",True,True,NULL,True,True,True,True,"Chung",True,"Lầu 3",False,False,"2026-05-20 09:38:28.98654+00","2026-05-20 09:38:28.98654+00"
"7c9710f6-1ef3-4fba-b77f-def6cfd24e22",True,False,False,False,False,True,"Phòng thường",True,"Trong phòng","Riêng","Tự do","Khóa thường","",False,False,False,False,True,True,True,"Riêng",True,"Lầu 1",False,True,"2026-05-20 09:38:28.98654+00","2026-05-20 09:38:28.98654+00"
"7efa587c-05ea-472d-8026-956e53864526",True,False,False,True,False,True,"Phòng thường",False,"Chung","Riêng","Tự do","Vân tay","20m2",False,True,NULL,True,True,True,True,"Chung",True,"Lầu 1",False,True,"2026-05-20 09:38:28.98654+00","2026-05-20 09:38:28.98654+00"
"7f0c25de-f041-44a8-b0b7-96141541f793",True,False,True,True,False,True,"Phòng thường",False,"Chung","Riêng","Tự do","Vân tay","20",False,True,NULL,True,True,True,True,"Chung",True,"Lầu 3",False,False,"2026-05-20 09:38:28.98654+00","2026-05-20 09:38:28.98654+00"
"7f135cb3-a0cc-4c8c-95ed-4303325fef5f",True,False,False,False,False,False,"Sleepbox",False,"Bãi ngoài","Chung","Tự do","Khóa thường","1,3mx2m",False,False,NULL,False,True,True,True,"Chung",False,"Lầu 1",False,False,"2026-05-20 09:38:28.98654+00","2026-05-20 09:38:28.98654+00"
"8192125c-ef4c-487a-b510-56fb2811f798",True,False,True,True,False,True,"Phòng thường",False,"Chung","Riêng","Tự do","Vân tay","20",True,True,NULL,True,True,True,True,"Chung",True,"Lầu 3",False,False,"2026-05-20 09:38:28.98654+00","2026-05-20 09:38:28.98654+00"
"82f2a64e-45ba-4d7a-9702-ff0d08751188",True,False,False,False,False,False,"Sleepbox",False,"Bãi ngoài","Chung","Tự do","Khóa thường","1,3mx2m",False,False,NULL,False,True,True,True,"Chung",False,"Lầu 1",False,False,"2026-05-20 09:38:28.98654+00","2026-05-20 09:38:28.98654+00"
"830b582b-81fd-4323-95f4-2f226caab555",True,False,False,False,False,False,"Phòng thường",False,"Chung","Riêng","Tự do","Vân tay","20m2",False,True,NULL,True,True,True,True,"Chung",False,"Lầu 3",False,True,"2026-05-20 09:38:28.98654+00","2026-05-20 09:38:28.98654+00"
"838b0c2b-a4f2-4a4f-9dbd-a43faa7bdd11",True,False,True,False,False,False,"Phòng thường",True,"Chung","Riêng","Tự do","","25m2",True,True,NULL,True,True,True,True,"Chung",True,"Trệt",False,False,"2026-05-20 09:38:28.98654+00","2026-05-20 09:38:28.98654+00"
"84371bee-e3d7-4f20-9fab-593005110025",True,False,False,True,False,False,"Phòng thường",True,"Chung","Riêng","Tự do","Khóa thường","16m2",False,False,False,False,False,True,True,"Chung",False,"Lầu 2",False,False,"2026-05-20 09:38:28.98654+00","2026-05-20 09:38:28.98654+00"
"84908c1e-571d-4ade-a422-23fc72f0813e",True,False,True,True,False,True,"Phòng thường",False,"Chung","Riêng","Tự do","Vân tay","20",True,True,NULL,True,True,True,True,"Chung",True,"Lầu 3",False,False,"2026-05-20 09:38:28.98654+00","2026-05-20 09:38:28.98654+00"
"85f802df-07bd-4347-83d6-93d97f6a048d",True,False,True,True,True,True,"Phòng Studio",True,"Chung","Riêng","Tự do","Vân tay","20m2",False,True,NULL,False,True,True,False,"Chung",True,"Lầu 4",False,False,"2026-05-20 09:38:28.98654+00","2026-05-20 09:38:28.98654+00"
"8817662f-f2bb-492a-af93-fccb14a36b58",True,False,False,True,False,True,"Phòng Studio",True,"Chung","Riêng","Tự do","Vân tay","22",False,False,NULL,False,True,True,False,"Chung",False,"Lầu 5",True,True,"2026-05-20 09:38:28.98654+00","2026-05-20 09:38:28.98654+00"
"8921714c-b365-49a9-8896-93b6a6c0306a",True,False,False,False,False,False,"Phòng thường",False,"Chung","Riêng","Tự do","Khóa thường","18m2",False,False,False,False,True,False,True,"Chung",False,"Lầu 1",False,True,"2026-05-20 09:38:28.98654+00","2026-05-20 09:38:28.98654+00"
"899b728a-2c9d-4758-8624-4146dcd54d5a",True,False,False,False,False,False,"Phòng Studio",False,"Chung","Riêng","Tự do","Thẻ từ","20",False,False,False,False,False,True,True,"Chung",False,"Lầu 2",False,True,"2026-05-20 09:38:28.98654+00","2026-05-20 09:38:28.98654+00"
"8b5e56b4-0aed-4720-a874-589ec8cf537c",True,False,True,False,False,True,"Phòng thường",NULL,"Chung","Riêng","Tự do","Khóa thường","20m2",False,False,False,False,True,False,True,"Chung",True,"Trệt",False,False,"2026-05-20 09:38:28.98654+00","2026-05-20 09:38:28.98654+00"
"8ccd18d9-0fa1-420a-aad5-b91c07ec83da",True,False,True,True,True,True,"Phòng thường",True,"Chung","Riêng","Tự do","Vân tay","",True,True,NULL,True,True,True,False,"Chung",True,"Lầu 4",False,False,"2026-05-20 09:38:28.98654+00","2026-05-20 09:38:28.98654+00"
"920cdc9d-34ff-4450-a418-50ba68e45235",True,False,True,False,True,True,"Phòng ML",False,"Chung","Riêng","Tự do","Vân tay","18m2",False,True,NULL,True,NULL,True,True,"Chung",True,"Lầu 1",NULL,False,"2026-05-20 09:38:28.98654+00","2026-05-20 09:38:28.98654+00"
"94f98ca2-b4e7-45e6-87d7-24559e8d30f5",True,False,False,False,False,False,"Phòng thường",False,"Chung","Riêng","Tự do","Khóa thường","20m2",False,True,NULL,False,True,False,False,"Chung",True,"Lầu 1",False,True,"2026-05-20 09:38:28.98654+00","2026-05-20 09:38:28.98654+00"
"95a1d084-d2a1-4087-92ed-994893b2a856",True,False,False,True,False,False,"Phòng thường",True,"Chung","Riêng","Tự do","Khóa thường","24m2",False,False,False,False,False,True,True,"Chung",False,"Lầu 1",False,True,"2026-05-20 09:38:28.98654+00","2026-05-20 09:38:28.98654+00"
"997e640e-382b-4ea7-8cbb-b09a6eb3957e",True,False,False,True,False,False,"Phòng thường",False,"Chung","Riêng","Tự do","Khóa thường","20m2",False,False,NULL,False,False,True,True,"Chung",False,"Lầu 1",False,True,"2026-05-20 09:38:28.98654+00","2026-05-20 09:38:28.98654+00"
"9a96b0fe-9196-44d3-87cf-857bcad30009",True,False,True,True,True,True,"Phòng Studio",True,"Chung","Riêng","Tự do","Vân tay","20m2",False,True,NULL,False,True,True,True,"Chung",True,"Lầu 2",False,False,"2026-05-20 09:38:28.98654+00","2026-05-20 09:38:28.98654+00"
"9b604152-9d8b-4871-8641-de1157d8817f",True,False,True,False,False,True,"Phòng thường",True,"Chung","Riêng","Tự do","Vân tay","24m2",False,False,NULL,False,True,True,True,"Chung",True,"Trệt",False,False,"2026-05-20 09:38:28.98654+00","2026-05-20 09:38:28.98654+00"
"9bcc35b3-44b2-4d5e-b834-dfbd9124abad",True,False,True,False,False,True,"Phòng thường",False,"Chung","Riêng","Tự do","Vân tay","20m2",False,True,False,False,True,True,True,"Chung",True,"Lầu 2",False,False,"2026-05-20 09:38:28.98654+00","2026-05-20 09:38:28.98654+00"
"9c43c78f-ea86-415b-9822-685b59dc651a",True,False,True,True,False,True,"Phòng thường",False,"Chung","Riêng","Tự do","Vân tay","20m2",False,True,NULL,False,True,True,True,"Chung",True,"Lầu 2",False,False,"2026-05-20 09:38:28.98654+00","2026-05-20 09:38:28.98654+00"
"9d177369-49d4-47bf-b2ab-e668ed483fc2",False,False,False,False,False,False,"Phòng thường",False,"Chung","Riêng","Tự do","Vân tay","18m2",False,False,False,False,False,False,True,"Riêng",False,"Lầu 1",False,False,"2026-05-20 09:38:28.98654+00","2026-05-20 09:38:28.98654+00"
"9dc52bed-c2a3-40e1-8ca9-583081ea363b",True,False,False,False,False,False,"Phòng thường",False,"Chung","Riêng","Tự do","Khóa thường","20m2",False,False,NULL,False,True,False,True,"Chung",False,"Trệt",False,True,"2026-05-20 09:38:28.98654+00","2026-05-20 09:38:28.98654+00"
"9e2dcc03-7b4a-4588-bea4-901849cd2611",True,False,False,True,False,True,"Phòng thường",False,"Chung","Riêng","Tự do","Khóa thường","20m2",False,False,NULL,False,True,False,True,"Chung",True,"Lầu 2",False,True,"2026-05-20 09:38:28.98654+00","2026-05-20 09:38:28.98654+00"
"9f1af3fa-bb91-4ce1-b5a9-6c73149170d7",True,False,True,False,False,True,"Phòng thường",True,"Chung","Riêng","Tự do","Vân tay","24m2",True,False,NULL,False,False,True,True,"Chung",True,"Lầu 1",False,False,"2026-05-20 09:38:28.98654+00","2026-05-20 09:38:28.98654+00"
"a00612a0-af5c-4a3b-8a3c-8d3f34842b88",True,False,False,False,False,False,"Phòng thường",False,"Chung","Riêng","Tự do","Vân tay","12M2",False,False,False,False,False,False,True,"Riêng",False,"Lầu 2",False,False,"2026-05-20 09:38:28.98654+00","2026-05-20 09:38:28.98654+00"
"a08c67cd-3895-412f-b688-c90aaab4e7f2",True,False,False,True,False,True,"Phòng thường",True,"Chung","Riêng","Tự do","Khóa thường","20m2",True,False,False,False,True,True,True,"Chung",True,"Lầu 4",False,True,"2026-05-20 09:38:28.98654+00","2026-05-20 09:38:28.98654+00"
"a1b0d4ba-f10d-497b-9c3b-2322aefdc938",True,False,False,False,False,False,"Phòng thường",False,"Chung","Riêng","Tự do","Vân tay","26m2",False,False,NULL,False,False,True,True,"Chung",False,"Lầu 2",False,True,"2026-05-20 09:38:28.98654+00","2026-05-20 09:38:28.98654+00"
"a2224c34-66f5-48a0-b62d-356809fa5c49",True,False,False,True,False,False,"Phòng thường",True,"Chung","Riêng","Tự do","Khóa thường","20m2",False,False,False,False,True,True,True,"Chung",False,"Lầu 2",False,True,"2026-05-20 09:38:28.98654+00","2026-05-20 09:38:28.98654+00"
"a25ded71-1036-4968-98d4-43d271335d90",True,False,True,True,False,False,"Phòng thường",False,"Chung","Riêng","Tự do","Thẻ từ","25m2",False,True,NULL,True,False,True,False,"Riêng",True,"Lầu 6",True,False,"2026-05-20 09:38:28.98654+00","2026-05-20 09:38:28.98654+00"
"a288bbe4-5084-4560-82f5-b1f1b7236265",True,False,False,True,False,False,"Phòng thường",False,"Chung","Riêng","Tự do","Vân tay","22m2",False,False,False,False,True,True,False,"Chung",False,"Lầu 1",False,True,"2026-05-20 09:38:28.98654+00","2026-05-20 09:38:28.98654+00"
"a445c705-8252-4123-8731-5aef0b1da01e",True,False,False,True,False,True,"Phòng thường",True,"Chung","Riêng","Tự do","Khóa thường","20m2",False,True,NULL,True,True,True,True,"Chung",True,"Lầu 2",False,True,"2026-05-20 09:38:28.98654+00","2026-05-20 09:38:28.98654+00"
"a5230765-29eb-4d47-a58a-2b919d1b16d7",True,False,False,False,False,True,"Phòng thường",False,"Chung","Riêng","Tự do","Khóa thường","20m2",False,False,False,False,True,False,True,"Chung",True,"Lầu 1",False,True,"2026-05-20 09:38:28.98654+00","2026-05-20 09:38:28.98654+00"
"a601100c-17e2-406a-8fba-cd5d5123cf12",True,False,False,False,False,False,"Duplex",False,"Chung","Riêng","Tự do","Khóa thường","20m2",False,False,NULL,False,True,True,True,"Chung",True,"Lầu 1",False,True,"2026-05-20 09:38:28.98654+00","2026-05-20 09:38:28.98654+00"
"a785fec3-e967-4e41-9c8b-bbc5148bd2fb",True,False,False,False,False,False,"Phòng thường",False,"Chung","Riêng","Tự do","Khóa thường","16m2",False,False,NULL,False,False,True,True,"Chung",False,"Lầu 1",False,False,"2026-05-20 09:38:28.98654+00","2026-05-20 09:38:28.98654+00"
"aa6c7224-6ab9-4541-8cce-4524169897f6",True,False,False,True,False,True,"Phòng thường",False,"Chung","Riêng","Tự do","Vân tay","20m2",False,True,NULL,True,True,True,True,"Chung",True,"Lầu 3",False,True,"2026-05-20 09:38:28.98654+00","2026-05-20 09:38:28.98654+00"
"aab4ec88-dcfd-4324-93e1-da9184884903",True,False,False,True,False,False,"Phòng thường",False,"Chung","Riêng","Tự do","Vân tay","22m2",False,False,NULL,False,False,True,False,"Chung",False,"Lầu 2",False,True,"2026-05-20 09:38:28.98654+00","2026-05-20 09:38:28.98654+00"
"aabb08a6-07ef-45a1-bd04-3bb087632b94",True,False,False,False,False,False,"Phòng thường",False,"Chung","Riêng","Tự do","Khóa thường","20m2",False,False,NULL,False,False,True,True,"Chung",False,"Lầu 2",False,True,"2026-05-20 09:38:28.98654+00","2026-05-20 09:38:28.98654+00"
"ab952e33-f40b-4578-bd2d-aadf8b4f9e78",True,False,False,False,False,False,"Phòng thường",False,"Chung","Riêng","Tự do","Vân tay","18m2",False,False,NULL,False,False,True,True,"Chung",False,"Trệt",False,False,"2026-05-20 09:38:28.98654+00","2026-05-20 09:38:28.98654+00"
"ac8d6736-ab7d-40e2-bf07-605eebfb0f26",True,False,False,True,False,False,"Phòng thường",False,"Chung","Riêng","Tự do","Khóa thường","20m2",False,False,NULL,False,True,True,True,"Chung",True,"Lầu 5",False,True,"2026-05-20 09:38:28.98654+00","2026-05-20 09:38:28.98654+00"
"ad71fed7-772f-4117-91ee-3f2e7ca053bc",True,False,False,False,False,False,"Sleepbox",False,"Bãi ngoài","Chung","Tự do","Khóa thường","1,3mx2m",False,False,NULL,False,True,True,True,"Chung",False,"Lầu 1",False,False,"2026-05-20 09:38:28.98654+00","2026-05-20 09:38:28.98654+00"
"ada76fbe-3376-4e3e-9448-6622a60965c2",True,False,False,True,False,True,"Phòng thường",True,"Chung","Riêng","Tự do","Khóa thường","20m2",False,True,NULL,True,True,True,True,"Chung",True,"Lầu 2",False,True,"2026-05-20 09:38:28.98654+00","2026-05-20 09:38:28.98654+00"
"b062273e-768b-471c-9366-1179f1440f16",True,False,False,False,False,False,"Phòng thường",False,"Chung","Riêng","Tự do","Khóa thường","10m2",False,False,False,False,False,False,False,"Riêng",False,"Lầu 2",False,True,"2026-05-20 09:38:28.98654+00","2026-05-20 09:38:28.98654+00"
"b1951f0f-7cfe-4a24-84a6-b1b8b2d49425",True,False,True,False,False,True,"Phòng thường",True,"Chung","Riêng","Tự do","Vân tay","24m2",True,False,NULL,False,False,True,True,"Chung",True,"Lầu 2",False,False,"2026-05-20 09:38:28.98654+00","2026-05-20 09:38:28.98654+00"
"b210adea-38b3-429e-b5f9-e0cc4322766a",True,False,False,False,False,False,"Phòng thường",False,"Chung","Riêng","Tự do","Khóa thường","20m2",False,False,NULL,False,False,True,True,"Chung",False,"Lầu 4",False,True,"2026-05-20 09:38:28.98654+00","2026-05-20 09:38:28.98654+00"
"b23a3dc3-4827-4f9a-ab90-ba60472701f2",True,False,False,True,False,False,"Phòng thường",True,"Chung","Riêng","Tự do","Khóa thường","24m2",False,False,False,False,False,True,True,"Chung",False,"Trệt",False,True,"2026-05-20 09:38:28.98654+00","2026-05-20 09:38:28.98654+00"
"b23c36e4-d985-4e7c-a5a8-bc3c7576c9eb",True,False,False,True,False,False,"Phòng thường",True,"Chung","Riêng","Tự do","Khóa thường","16m2",False,False,False,False,False,True,True,"Chung",False,"Lầu 2",False,False,"2026-05-20 09:38:28.98654+00","2026-05-20 09:38:28.98654+00"
"b3455360-4439-43f7-ab98-e731d0fe6eee",True,False,False,False,False,False,"Phòng thường",False,"Chung","Riêng","Tự do","Khóa thường","20m2",False,False,NULL,False,False,True,True,"Chung",False,"Trệt",False,True,"2026-05-20 09:38:28.98654+00","2026-05-20 09:38:28.98654+00"
"b46d11f8-e919-4ca2-a400-43054ae6d5e9",True,False,False,False,False,False,"Phòng thường",NULL,"Chung","Riêng","Tự do","Khóa thường","20m2",False,True,False,False,True,True,True,"Chung",True,"Lầu 1",False,True,"2026-05-20 09:38:28.98654+00","2026-05-20 09:38:28.98654+00"
"b632380f-4aff-4e5d-b32f-b4231e8efb84",True,False,False,True,False,False,"Phòng thường",False,"Chung","Riêng","Tự do","Khóa thường","20m2",False,True,NULL,True,True,True,True,"Chung",True,"Lầu 1",False,True,"2026-05-20 09:38:28.98654+00","2026-05-20 09:38:28.98654+00"
"b9280b6c-5b51-41f4-8142-fa5c242de8c2",True,False,False,True,False,False,"Phòng thường",True,"Chung","Riêng","Tự do","Khóa thường","20m2",False,False,False,False,True,True,True,"Chung",False,"Lầu 4",False,True,"2026-05-20 09:38:28.98654+00","2026-05-20 09:38:28.98654+00"
"b9bbe9fe-04ee-4f9d-9290-bef768a5f9bb",True,False,True,True,True,True,"Phòng thường",True,"Chung","Riêng","Tự do","Vân tay","20m2",True,True,NULL,True,True,True,False,"Chung",True,"Lầu 6",False,False,"2026-05-20 09:38:28.98654+00","2026-05-20 09:38:28.98654+00"
"ba495e63-fe23-424d-926f-13e5b05f336b",True,False,False,True,False,True,"Phòng thường",False,"Chung","Riêng","Tự do","Vân tay","20m2",False,True,NULL,True,True,True,True,"Chung",True,"Lầu 1",False,True,"2026-05-20 09:38:28.98654+00","2026-05-20 09:38:28.98654+00"
"baaeafdb-893c-42c1-8d1b-fbcff171aa56",True,False,False,False,False,False,"Phòng thường",False,"Chung","Riêng","Tự do","Khóa thường","20m2",False,False,NULL,False,False,True,True,"Chung",False,"Lầu 3",False,True,"2026-05-20 09:38:28.98654+00","2026-05-20 09:38:28.98654+00"
"c230f38b-3019-4cf7-afff-a9731fca4e81",True,False,False,False,False,False,"Phòng Studio",True,"Bãi ngoài","Riêng","Tự do","Khóa thường","20m2",False,False,NULL,False,True,True,True,"Chung",False,"Lầu 1",False,False,"2026-05-20 09:38:28.98654+00","2026-05-20 09:38:28.98654+00"
"c27a395d-260a-4146-b533-06c7375597e5",True,False,False,True,False,False,"Phòng thường",False,"Chung","Riêng","Tự do","Vân tay","20m2",False,False,NULL,False,False,True,True,"Chung",False,"Lầu 2",False,True,"2026-05-20 09:38:28.98654+00","2026-05-20 09:38:28.98654+00"
"c3a6ac26-22bc-4c7c-98d8-cbf2892b7816",True,False,False,False,False,False,"Phòng thường",False,"Chung","Riêng","Tự do","Vân tay","18m2",False,False,NULL,False,False,True,True,"Chung",False,"Trệt",False,False,"2026-05-20 09:38:28.98654+00","2026-05-20 09:38:28.98654+00"
"c3ac19f8-703d-4e36-99bd-17a34672dea2",True,False,False,False,False,False,"Sleepbox",False,"Bãi ngoài","Chung","Tự do","Khóa thường","1,3mx2m",False,False,NULL,False,True,True,True,"Chung",False,"Lầu 1",False,False,"2026-05-20 09:38:28.98654+00","2026-05-20 09:38:28.98654+00"
"c5439029-c002-4d5f-9dca-3c97bf5ceff2",True,False,False,False,False,False,"Phòng thường",False,"Chung","Riêng","Tự do","Vân tay","26m2",False,False,NULL,False,False,True,True,"Chung",False,"Lầu 2",False,True,"2026-05-20 09:38:28.98654+00","2026-05-20 09:38:28.98654+00"
"c560fbc4-08ee-4183-9def-9571acd5fc1e",True,False,False,False,False,False,"Phòng Studio",True,"Bãi ngoài","Riêng","Tự do","Khóa thường","20m2",False,False,NULL,False,True,True,True,"Chung",False,"Lầu 3",True,False,"2026-05-20 09:38:28.98654+00","2026-05-20 09:38:28.98654+00"
"c6cacca7-407c-44f9-8f66-fe46599a6de4",True,False,False,False,False,False,"Phòng thường",False,"Chung","Riêng","Tự do","Vân tay","20m2",False,False,NULL,False,True,True,True,"Chung",False,"Lầu 4",False,False,"2026-05-20 09:38:28.98654+00","2026-05-20 09:38:28.98654+00"
"c9437cab-680c-42f8-9b70-0d155238b04f",True,False,False,True,False,True,"Phòng thường",False,"Chung","Riêng","Tự do","Vân tay","20m2",False,True,NULL,False,True,True,False,"Chung",True,"Lầu 3",False,True,"2026-05-20 09:38:28.98654+00","2026-05-20 09:38:28.98654+00"
"ca1ce733-9766-4ada-98bf-3257d207e559",True,False,False,True,False,False,"Phòng thường",False,"Chung","Riêng","Tự do","Vân tay","20m2",False,False,NULL,False,False,True,True,"Chung",False,"Lầu 3",False,True,"2026-05-20 09:38:28.98654+00","2026-05-20 09:38:28.98654+00"
"cd592b48-c1b7-4ccc-bc59-d3669f6b4b51",True,False,False,True,False,True,"Phòng thường",True,"Chung","Riêng","Tự do","Khóa thường","20m2",False,True,NULL,True,True,True,True,"Chung",True,"Lầu 1",False,True,"2026-05-20 09:38:28.98654+00","2026-05-20 09:38:28.98654+00"
"ce882fe5-9461-45f4-b869-5a987ce088a9",True,False,False,True,False,False,"Phòng thường",False,"Chung","Riêng","Tự do","Vân tay","20m2",False,False,NULL,False,False,True,True,"Chung",False,"Lầu 1",False,True,"2026-05-20 09:38:28.98654+00","2026-05-20 09:38:28.98654+00"
"d0557cc5-8943-45f8-99a3-0bbded497801",True,False,False,False,False,False,"Phòng thường",False,"Chung","Riêng","Tự do","Khóa thường","20m2",False,False,NULL,False,True,False,False,"Chung",True,"Lầu 1",False,True,"2026-05-20 09:38:28.98654+00","2026-05-20 09:38:28.98654+00"
"d067ddb2-126d-4200-ad1a-0d63b5e52556",True,False,False,True,False,True,"Phòng thường",False,"Chung","Riêng","Tự do","Vân tay","20m2",False,True,NULL,True,True,True,True,"Chung",True,"Lầu 1",False,True,"2026-05-20 09:38:28.98654+00","2026-05-20 09:38:28.98654+00"
"d0ab4b3c-186f-4d20-8568-3759bb6d3cce",True,False,False,False,False,False,"Phòng Studio",True,"Bãi ngoài","Riêng","Tự do","Khóa thường","20m2",False,False,NULL,False,True,True,True,"Chung",False,"Lầu 4",False,False,"2026-05-20 09:38:28.98654+00","2026-05-20 09:38:28.98654+00"
"d0e944c1-85c2-4086-ba7b-80f0256d21a2",False,False,True,True,False,True,"Phòng thường",False,"Chung","Riêng","Tự do","Vân tay","18m2",False,False,NULL,False,True,False,True,"Chung",True,"Lầu 3",False,False,"2026-05-20 09:38:28.98654+00","2026-05-20 09:38:28.98654+00"
"d1011645-1d6f-41ab-b044-fa910c772a83",True,False,True,True,False,True,"Phòng thường",False,"Chung","Riêng","Tự do","Vân tay","20",False,True,NULL,True,True,True,True,"Chung",True,"Lầu 3",False,False,"2026-05-20 09:38:28.98654+00","2026-05-20 09:38:28.98654+00"
"d2f4f778-9b2e-4dd9-8717-19a40ea09533",True,False,False,True,False,True,"Phòng thường",True,"Chung","Riêng","Tự do","Khóa thường","20m2",False,True,NULL,True,True,True,True,"Chung",True,"Lầu 1",False,True,"2026-05-20 09:38:28.98654+00","2026-05-20 09:38:28.98654+00"
"d3335e59-6502-4538-88da-1a498b482e03",True,False,False,True,False,False,"Phòng thường",False,"Chung","Riêng","Tự do","Khóa thường","20m2",False,False,NULL,False,True,True,True,"Chung",True,"Lầu 5",False,True,"2026-05-20 09:38:28.98654+00","2026-05-20 09:38:28.98654+00"
"d3c2e4ef-aeb0-40dd-b58d-bcc4ebc9d944",True,False,False,False,False,False,"Sleepbox",False,"Bãi ngoài","Chung","Tự do","Khóa thường","1,3mx2m",False,False,NULL,False,True,True,True,"Chung",False,"Lầu 1",False,False,"2026-05-20 09:38:28.98654+00","2026-05-20 09:38:28.98654+00"
"d64b20ae-4952-45bf-baf7-8324e6d08b69",True,False,True,False,False,True,"1 Phòng ngủ",False,"Chung","Riêng","Tự do","Khóa thường","30m2",False,True,NULL,True,True,True,True,"Chung",True,"Trệt",False,True,"2026-05-20 09:38:28.98654+00","2026-05-20 09:38:28.98654+00"
"d87167d0-3c6b-4072-aa51-565ecdb567a4",True,False,False,True,False,False,"Duplex",False,"Chung","Riêng","Tự do","Vân tay","25m2",True,False,NULL,True,True,True,True,"Chung",True,"Lầu 2",False,True,"2026-05-20 09:38:28.98654+00","2026-05-20 09:38:28.98654+00"
"db899bca-7da3-47f2-95d0-47cc59ae54a6",True,False,False,False,False,False,"Phòng thường",False,"Chung","Riêng","Tự do","Vân tay","26m2",False,False,NULL,False,False,True,True,"Chung",False,"Lầu 3",False,True,"2026-05-20 09:38:28.98654+00","2026-05-20 09:38:28.98654+00"
"db90ea7c-67c5-40f7-9d24-1407dcd2f90e",True,False,False,True,False,False,"Phòng thường",False,"Chung","Riêng","Tự do","Khóa thường","20m2",False,False,NULL,False,True,True,True,"Chung",True,"Lầu 1",False,False,"2026-05-20 09:38:28.98654+00","2026-05-20 09:38:28.98654+00"
"dba298d2-0096-4030-87a5-6f6ff31f79ed",True,False,True,False,False,False,"Phòng thường",True,"Chung","Riêng","Tự do","","25m2",True,True,NULL,True,True,True,True,"Chung",True,"Trệt",False,False,"2026-05-20 09:38:28.98654+00","2026-05-20 09:38:28.98654+00"
"dee9e184-3b51-49fe-8d05-6eb7ca5a79a8",True,False,False,True,False,False,"Phòng thường",False,"Chung","Riêng","Tự do","Vân tay","22m2",False,False,NULL,False,False,True,False,"Chung",False,"Lầu 1",False,True,"2026-05-20 09:38:28.98654+00","2026-05-20 09:38:28.98654+00"
"df4258b7-1565-496c-ab5c-c98564aebb4f",True,False,False,True,False,False,"Phòng thường",False,"Chung","Riêng","Tự do","Khóa thường","20m2",True,False,NULL,True,True,True,True,"Chung",True,"Lầu 4",True,False,"2026-05-20 09:38:28.98654+00","2026-05-20 09:38:28.98654+00"
"e453f27a-72b5-4467-98ac-659c7a7abde3",True,False,False,True,False,True,"Phòng thường",True,"Chung","Riêng","Tự do","Khóa thường","20m2",True,False,False,False,True,True,True,"Chung",True,"Lầu 4",False,True,"2026-05-20 09:38:28.98654+00","2026-05-20 09:38:28.98654+00"
"e506f70c-5f7e-4bf5-8699-123ed7d5e697",True,False,True,False,False,True,"Phòng thường",True,"Chung","Riêng","Tự do","Vân tay","24m2",False,False,NULL,False,False,True,True,"Chung",True,"Lầu 2",False,False,"2026-05-20 09:38:28.98654+00","2026-05-20 09:38:28.98654+00"
"e8f8a71b-2a80-4079-88ce-64d35e9c2a39",True,False,False,False,False,False,"Phòng thường",False,"Chung","Chung","Tự do","Vân tay","25m2",False,False,False,False,False,True,False,"Chung",False,"Lầu 5",False,True,"2026-05-20 09:38:28.98654+00","2026-05-20 09:38:28.98654+00"
"eb9e529e-e9f4-440b-9797-7682bee696dd",True,False,True,False,False,True,"Phòng thường",NULL,"Chung","Riêng","Tự do","Khóa thường","20m2",False,False,False,False,True,False,True,"Chung",True,"Trệt",False,False,"2026-05-20 09:38:28.98654+00","2026-05-20 09:38:28.98654+00"
"ed625599-ac4d-4dce-8c34-b19c0b27ef00",True,False,False,False,False,False,"Phòng thường",False,"Chung","Riêng","Tự do","Khóa thường","15m2",False,False,NULL,False,True,False,True,"Chung",False,"Trệt",False,True,"2026-05-20 09:38:28.98654+00","2026-05-20 09:38:28.98654+00"
"ed64c09c-34e5-4758-80da-8e65ebb431c2",True,False,False,True,False,True,"Phòng thường",True,"Chung","Riêng","Tự do","Khóa thường","20m2",False,True,NULL,True,True,True,True,"Chung",True,"Lầu 3",False,True,"2026-05-20 09:38:28.98654+00","2026-05-20 09:38:28.98654+00"
"edd6fe8b-e90d-4492-b1dc-e16a3b1a58f6",True,False,False,True,False,True,"Phòng thường",True,"Chung","Riêng","Tự do","Khóa thường","20m2",False,True,NULL,True,True,True,True,"Chung",True,"Lầu 2",False,True,"2026-05-20 09:38:28.98654+00","2026-05-20 09:38:28.98654+00"
"edee1e3d-c774-448a-a5e9-12b297e7369c",True,False,False,False,False,False,"Phòng thường",False,"Chung","Riêng","Tự do","Khóa thường","20m2",False,False,NULL,False,True,False,True,"Chung",False,"Trệt",False,True,"2026-05-20 09:38:28.98654+00","2026-05-20 09:38:28.98654+00"
"ee76d85d-556d-4e05-8bae-b80694c1e721",True,False,False,False,False,False,"Sleepbox",False,"Bãi ngoài","Chung","Tự do","Khóa thường","1,3mx2m",False,False,NULL,False,True,True,True,"Chung",False,"Lầu 1",False,False,"2026-05-20 09:38:28.98654+00","2026-05-20 09:38:28.98654+00"
"eeb6521b-3486-4368-9541-da4c3f098881",True,False,True,False,False,True,"Phòng Studio",True,"Chung","Riêng","Tự do","Khóa thường","25m2",True,False,NULL,True,True,True,True,"Chung",True,"Lầu 1",False,False,"2026-05-20 09:38:28.98654+00","2026-05-20 09:38:28.98654+00"
"ef4f321e-53ee-4301-9192-0e715dd92571",True,False,False,True,False,True,"Phòng thường",True,"Chung","Riêng","Tự do","Khóa thường","20m2",False,True,NULL,True,True,True,True,"Chung",True,"Lầu 2",False,True,"2026-05-20 09:38:28.98654+00","2026-05-20 09:38:28.98654+00"
"ef6669f5-5d47-4202-b17e-0a1a6608b8a8",True,False,False,False,False,False,"Phòng Studio",True,"Bãi ngoài","Riêng","Tự do","Khóa thường","20m2",False,False,NULL,True,True,True,True,"Chung",False,"Lầu 3",False,False,"2026-05-20 09:38:28.98654+00","2026-05-20 09:38:28.98654+00"
"f163fadb-b239-4a66-a996-1fa8b2d9ee5c",True,False,False,True,False,True,"Duplex",True,"Chung","Riêng","Tự do","Vân tay","25m",False,False,NULL,False,True,True,False,"Chung",False,"Lầu 4",False,True,"2026-05-20 09:38:28.98654+00","2026-05-20 09:38:28.98654+00"
"f47724e3-2bcb-430f-97c2-dce65517b868",True,False,True,False,False,False,"Phòng thường",True,"Chung","Riêng","Tự do","","25m2",True,True,NULL,True,True,True,True,"Chung",True,"Trệt",False,False,"2026-05-20 09:38:28.98654+00","2026-05-20 09:38:28.98654+00"
"f5ac0fd0-ca36-462a-9ec3-a3793291dfe3",True,False,False,True,False,False,"Phòng thường",False,"Chung","Riêng","Tự do","Vân tay","25m2",False,False,False,False,True,True,False,"Chung",False,"Lầu 2",False,True,"2026-05-20 09:38:28.98654+00","2026-05-20 09:38:28.98654+00"
"f63b04e4-91ab-4a5c-8386-f57ce88ef667",True,False,False,True,False,False,"Phòng thường",False,"Chung","Riêng","Tự do","Khóa thường","20m2",False,False,NULL,False,True,True,True,"Chung",True,"Lầu 3",False,True,"2026-05-20 09:38:28.98654+00","2026-05-20 09:38:28.98654+00"
"f747174d-c75f-4d76-9284-eb976ba985df",True,False,False,False,False,False,"Phòng thường",False,"Chung","Riêng","Tự do","Vân tay","26m2",False,False,NULL,False,True,True,True,"Chung",False,"Lầu 1",False,False,"2026-05-20 09:38:28.98654+00","2026-05-20 09:38:28.98654+00"
"f9cb7274-562a-400c-b40c-68101982bfb5",True,False,False,False,False,False,"Phòng thường",False,"Chung","Riêng","Tự do","Khóa thường","20m2",False,False,NULL,False,False,True,True,"Chung",False,"Lầu 3",False,True,"2026-05-20 09:38:28.98654+00","2026-05-20 09:38:28.98654+00"
"fcb7e4bd-aa2c-4c43-a515-040767e9812f",True,False,False,False,False,True,"Phòng thường",False,"Chung","Riêng","Tự do","Vân tay","18m2",False,True,NULL,False,True,True,False,"Chung",True,"Lầu 1",False,False,"2026-05-20 09:38:28.98654+00","2026-05-20 09:38:28.98654+00"
"fd0efc6b-2a1b-4c1f-9083-76ff1fb5f519",True,False,False,False,False,False,"Phòng Studio",True,"Bãi ngoài","Riêng","Tự do","Khóa thường","20m2",False,True,False,False,False,True,True,"Chung",True,"Lầu 1",False,False,"2026-05-20 09:38:28.98654+00","2026-05-20 09:38:28.98654+00"
"fd1eb492-8d44-4270-9f37-09be88d45179",True,False,False,True,False,True,"Phòng thường",True,"Chung","Riêng","Tự do","Khóa thường","20m2",False,True,NULL,True,True,True,True,"Chung",True,"Lầu 2",False,True,"2026-05-20 09:38:28.98654+00","2026-05-20 09:38:28.98654+00"
"fd9b2c0d-51da-4b06-b8d2-8ad0d3ecabb5",True,False,False,True,False,False,"Duplex",False,"Chung","Riêng","Tự do","Vân tay","25m2",False,False,NULL,True,True,True,True,"Chung",True,"Trệt",False,True,"2026-05-20 09:38:28.98654+00","2026-05-20 09:38:28.98654+00"
"ff7b618c-a377-48f8-8bb4-355b709194b8",True,False,False,False,False,False,"Phòng thường",False,"Chung","Riêng","Tự do","Vân tay","20m2",False,False,NULL,True,True,True,True,"Chung",True,"Lầu 1",False,True,"2026-05-20 09:38:28.98654+00","2026-05-20 09:38:28.98654+00"
